{"fast_rcnn/cls_accuracy": 0.49609375, "fast_rcnn/false_negative": 1.0, "fast_rcnn/fg_cls_accuracy": 0.0, "iteration": 0, "mask_rcnn/accuracy": 0.5704719387755102, "mask_rcnn/false_negative": 0.4295280612244898, "mask_rcnn/false_positive": 0.0, "roi_head/num_bg_samples": 124.0, "roi_head/num_fg_samples": 4.0, "rpn/num_neg_anchors": 225.0, "rpn/num_pos_anchors": 31.0}
{"fast_rcnn/cls_accuracy": 0.091796875, "fast_rcnn/false_negative": 0.125, "fast_rcnn/fg_cls_accuracy": 0.0625, "iteration": 1, "mask_rcnn/accuracy": 0.7194515306122449, "mask_rcnn/false_negative": 0.1868622448979592, "mask_rcnn/false_positive": 0.5, "roi_head/num_bg_samples": 121.0, "roi_head/num_fg_samples": 7.0, "rpn/num_neg_anchors": 228.75, "rpn/num_pos_anchors": 27.25}
{"data_time": 0.19255755899939686, "iteration": 0, "loss_box_reg": 0.2819262444972992, "loss_cls": 1.8280880451202393, "loss_mask": 0.6870404481887817, "loss_rpn_cls": 0.048291198909282684, "loss_rpn_loc": 0.00942379329353571, "lr": 2.5e-07, "total_loss": 2.8547697300091386}
{"fast_rcnn/cls_accuracy": 0.15625, "fast_rcnn/false_negative": 0.17857142857142858, "fast_rcnn/fg_cls_accuracy": 0.39285714285714285, "iteration": 1, "mask_rcnn/accuracy": 0.6587645772594752, "mask_rcnn/false_negative": 0.2652968073584061, "mask_rcnn/false_positive": 0.8924306302197027, "roi_head/num_bg_samples": 118.5, "roi_head/num_fg_samples": 9.5, "rpn/num_neg_anchors": 239.0, "rpn/num_pos_anchors": 17.0}
{"data_time": 0.18864107498666272, "iteration": 0, "loss_box_reg": 0.06578601896762848, "loss_cls": 1.785637617111206, "loss_mask": 0.692712128162384, "loss_rpn_cls": 1.1813691854476929, "loss_rpn_loc": 0.09805764257907867, "lr": 2.5e-07, "total_loss": 3.82356259226799}
{"fast_rcnn/cls_accuracy": 0.5, "fast_rcnn/false_negative": 0.375, "fast_rcnn/fg_cls_accuracy": 0.1875, "iteration": 1, "mask_rcnn/accuracy": 0.5928730867346939, "mask_rcnn/false_negative": 0.40712691326530615, "mask_rcnn/false_positive": 0.0, "roi_head/num_bg_samples": 28.0, "roi_head/num_fg_samples": 4.0, "rpn/num_neg_anchors": 218.5, "rpn/num_pos_anchors": 37.5}
{"data_time": 0.1732415649748873, "iteration": 0, "loss_box_reg": 0.009583602659404278, "loss_cls": 1.6518067121505737, "loss_mask": 0.6926659345626831, "loss_rpn_cls": 1.8718535900115967, "loss_rpn_loc": 0.1416986584663391, "lr": 2.5e-07, "total_loss": 4.367608497850597}
